case,record,lead,episode_type,start_h,stop_h
A,s20031,1,rate_related,0.0,0.06487888888888889
A,s20031,1,rate_related,0.08321222222222223,0.31099000000000004
A,s20031,1,ischemic,0.8398788888888888,3.0804344444444447
B,s20061,0,rate_related,0.0,0.06721555555555556
B,s20061,0,rate_related,0.08332666666666666,0.11110444444444445
