panel,record,subject_id,lead,episode_type,episode_id,beat_sample,qrs_onset_time_s,t_offset_time_s,qrs_onset_sigma_ms,t_offset_sigma_ms,qt_ms,pred_qt_ms,signed_resid_ms,abs_resid_ms,rr_ms,heart_rate_bpm,qt_sigma_ms
A baseline,s20031,s2003,1,matched_baseline,5,11822576,-0.0515,0.3131927490234375,15.12681770324707,28.738130569458008,364.66925048828125,358.24612108220504,6.423129406076214,6.423129406076214,752.0,79.7872340425532,32.47606595802994
A ischemic,s20031,s2003,1,ischemic,5,7544494,-0.05751190185546875,0.3194102783203125,14.737282752990723,28.250795364379883,376.9229736328125,366.5266602374279,10.396313395384595,10.396313395384595,1344.0,44.642857142857146,31.864306553248774
A HR-related,s20031,s2003,1,rate_related,4,7040363,-0.0564688720703125,0.2853770751953125,15.958342552185059,30.039878845214844,341.84527587890625,354.9162190908727,-13.070943211966437,13.070943211966437,752.0,79.7872340425532,34.015671583469825
B baseline,s20061,s2006,0,matched_baseline,5,5615110,-0.04923236083984375,0.263961181640625,15.262493133544922,28.237245559692383,313.18695068359375,327.8457538846805,-14.658803201086755,14.658803201086755,664.0,90.36144578313252,32.098758251326096
B HR-related,s20061,s2006,0,rate_related,5,5406028,-0.0641226806640625,0.2340958251953125,15.07493782043457,27.404743194580078,298.2125244140625,312.51112491337625,-14.29860049931375,14.29860049931375,536.0,111.94029850746269,31.277668255453666
