case,record,lead,episode_type,start_h,stop_h
A,s20111,0,rate_related,0.0,0.07270222222222222
A,s20111,0,rate_related,0.08325777777777778,0.26770222222222223
A,s20111,0,rate_related,2.149368888888889,2.4771466666666666
A,s20111,0,rate_related,2.6949244444444442,2.8260355555555554
A,s20111,0,rate_related,5.431035555555555,5.578813333333333
A,s20111,0,ischemic,7.497146666666667,7.658813333333333
B,s20061,0,rate_related,0.0,0.06721555555555556
B,s20061,0,rate_related,0.08332666666666666,0.11110444444444445
