panel,record,subject_id,lead,episode_type,episode_id,beat_sample,qrs_onset_time_s,t_offset_time_s,qrs_onset_sigma_ms,t_offset_sigma_ms,qt_ms,pred_qt_ms,signed_resid_ms,abs_resid_ms,rr_ms,heart_rate_bpm,qt_sigma_ms
A baseline,s20111,s2011,0,matched_baseline,5,8812594,-0.051935791015625,0.3535166015625,14.850191116333008,28.260578155517578,405.45452880859375,414.59747130342174,-9.142942494827992,9.142942494827992,952.0,63.02521008403362,31.924159853252483
A ischemic,s20111,s2011,0,ischemic,5,8684094,-0.05137933349609375,0.3579061279296875,14.293360710144043,27.371244430541992,409.243408203125,418.5733602442625,-9.329952041137517,9.329952041137517,992.0,60.483870967741936,30.88064873043143
A HR-related,s20111,s2011,0,rate_related,1,1973580,-0.0467823486328125,0.317090087890625,15.092458724975586,28.264442443847656,363.8636474609375,377.6689706088555,-13.805323147917989,13.805323147917989,720.0,83.33333333333333,32.04177571764118
B baseline,s20061,s2006,0,matched_baseline,5,5615110,-0.04923236083984375,0.263961181640625,15.262493133544922,28.237245559692383,313.18695068359375,327.8457538846805,-14.658803201086755,14.658803201086755,664.0,90.36144578313252,32.098758251326096
B HR-related,s20061,s2006,0,rate_related,5,5406028,-0.0641226806640625,0.2340958251953125,15.07493782043457,27.404743194580078,298.2125244140625,312.51112491337625,-14.29860049931375,14.29860049931375,536.0,111.94029850746269,31.277668255453666
