case,subject_id,record,lead,episode_type,episode_id,first_sample_episode,last_sample_episode,first_sample_baseline,last_sample_baseline,mean_abs_resid_ms_episode,mean_abs_resid_ms_baseline,effect,selection_medoid_distance_ms,selection_max_normalized_roughness,selection_display_span_h,visual_qc_pass
A,s2011,s20111,0,ischemic,5,8574046,8719480,8719716,8865096,12.348723446329734,12.537064433415267,-0.18834098708553348,6.367948464716326,0.026809651474530863,7.575457777777778,1.0
A,s2011,s20111,0,rate_related,1,1901568,2067448,2474666,2640664,15.376965998943628,13.948154528055571,1.428811470888057,6.367948464716326,0.026809651474530863,7.575457777777778,1.0
B,s2006,s20061,0,rate_related,5,5394006,5418960,5614138,5638996,16.43313169536895,13.767383255880617,2.6657484394883326,,,,
