case,subject_id,record,lead,episode_type,episode_id,first_sample_episode,last_sample_episode,first_sample_baseline,last_sample_baseline,mean_abs_resid_ms_episode,mean_abs_resid_ms_baseline,effect
A,s2003,s20031,1,ischemic,5,7530835,9547220,11695455,13711714,13.158981193022964,8.315170897956142,4.843810295066822
A,s2003,s20031,1,rate_related,4,6849859,7054625,7054820,7259761,15.398782848951765,7.720658993928867,7.678123855022898
B,s2006,s20061,0,rate_related,5,5394006,5418960,5614138,5638996,16.43313169536895,13.767383255880617,2.6657484394883326
